timestamp,city,temperature,description
2025-12-09T10:15:37.462Z,Paris,11.93,clear sky
2025-12-09T10:16:02.593Z,Paris,11.93,clear sky
2025-12-09T10:17:01.590Z,Paris,11.93,clear sky
2025-12-09T10:19:15.984Z,Paris,11.93,clear sky
2025-12-09T10:31:01.550Z,Paris,12,clear sky
2025-12-09T10:32:25.775Z,Paris,12,clear sky
2025-12-09T10:39:08.684Z,Paris,12,clear sky
2025-12-09T10:42:45.640Z,Paris,12,clear sky
2025-12-09T11:00:52.244Z,Paris,13.09,clear sky
2025-12-09T12:24:38.578Z,London,13.94,broken clouds
2025-12-09T12:24:38.579Z,London,13.94,broken clouds
2025-12-09T12:36:01.457Z,Paris,14.76,clear sky
<<<<<<< HEAD
2025-12-09T12:48:18.603Z,Paris,14.88,clear sky
=======
2025-12-09T12:37:27.608Z,London,14.02,broken clouds
2025-12-09T12:37:27.609Z,London,14.02,broken clouds
<<<<<<< HEAD
>>>>>>> cd202e178a43eedf7f32d8629d12c1189a2dca87
=======
2025-12-09T12:53:15.031Z,Paris,14.88,clear sky
2025-12-09T12:53:15.033Z,Paris,14.88,clear sky
>>>>>>> b219c3d769256a56487cbb5b3ec03a9662a403ee
2025-12-09T12:56:45.933Z,Paris,14.88,clear sky
2025-12-09T12:56:45.935Z,Paris,14.88,clear sky
2025-12-09T13:49:33.631Z,Paris,15.43,few clouds
2025-12-09T13:49:33.632Z,Paris,15.43,few clouds
2025-12-09T14:51:48.696Z,Paris,15.25,clear sky
2025-12-09T14:51:48.698Z,Paris,15.25,clear sky
2025-12-09T16:56:23.772Z,Paris,14.56,clear sky
2025-12-09T16:56:23.774Z,Paris,14.56,clear sky
2025-12-09T18:54:46.587Z,Paris,14.79,overcast clouds
2025-12-09T18:54:46.609Z,Paris,14.79,overcast clouds
2025-12-09T20:35:48.325Z,Paris,14.75,light rain
2025-12-09T20:35:48.327Z,Paris,14.75,light rain
2025-12-09T22:36:38.861Z,Paris,14.23,moderate rain
2025-12-09T22:36:38.863Z,Paris,14.23,moderate rain
2025-12-10T03:49:01.518Z,Paris,12.64,overcast clouds
2025-12-10T03:49:01.520Z,Paris,12.64,light rain
2025-12-10T04:56:54.829Z,Paris,12.65,overcast clouds
2025-12-10T04:56:54.831Z,Paris,12.65,overcast clouds
2025-12-10T06:59:18.680Z,Paris,12.43,overcast clouds
2025-12-10T06:59:18.682Z,Paris,12.43,overcast clouds
2025-12-10T08:56:43.982Z,Paris,12.75,overcast clouds
2025-12-10T08:56:43.984Z,Paris,12.75,overcast clouds
2025-12-10T10:53:26.540Z,Paris,13.42,overcast clouds
2025-12-10T10:53:26.542Z,Paris,13.42,overcast clouds
2025-12-10T13:52:01.012Z,Paris,14.4,overcast clouds
2025-12-10T13:52:01.022Z,Paris,14.4,overcast clouds
2025-12-10T14:53:08.471Z,Paris,14.14,broken clouds
2025-12-10T14:53:08.473Z,Paris,14.14,broken clouds
2025-12-10T16:57:16.113Z,Paris,12.75,overcast clouds
2025-12-10T16:57:16.115Z,Paris,12.75,overcast clouds
2025-12-10T18:56:13.897Z,Paris,11.09,clear sky
2025-12-10T18:56:13.899Z,Paris,11.09,clear sky
2025-12-10T20:49:25.926Z,Paris,8.69,few clouds
2025-12-10T20:49:25.929Z,Paris,8.69,few clouds
2025-12-10T22:43:27.237Z,Paris,8.29,fog
2025-12-10T22:43:27.239Z,Paris,8.29,fog
2025-12-11T03:51:19.612Z,Paris,5.54,fog
2025-12-11T03:51:19.613Z,Paris,5.54,fog
2025-12-11T04:59:40.070Z,Paris,5.19,fog
2025-12-11T04:59:40.072Z,Paris,5.19,fog
2025-12-11T07:01:52.480Z,Paris,5.51,fog
2025-12-11T07:01:52.481Z,Paris,5.51,fog
2025-12-11T08:57:57.210Z,Paris,6.22,fog
2025-12-11T08:57:57.212Z,Paris,6.22,fog
2025-12-11T10:52:37.786Z,Paris,8.05,fog
2025-12-11T10:52:37.789Z,Paris,8.05,fog
2025-12-11T13:54:27.264Z,Paris,9.93,overcast clouds
2025-12-11T13:54:27.266Z,Paris,9.93,overcast clouds
2025-12-11T14:45:48.448Z,Paris,10.08,overcast clouds
2025-12-11T14:45:48.450Z,Paris,10.08,overcast clouds
2025-12-11T17:02:29.246Z,Paris,10.1,overcast clouds
2025-12-11T17:02:29.248Z,Paris,10.1,overcast clouds
2025-12-11T18:59:15.418Z,Paris,9.67,overcast clouds
2025-12-11T18:59:15.420Z,Paris,9.67,overcast clouds
2025-12-11T20:40:41.120Z,Paris,9.64,overcast clouds
2025-12-11T20:40:41.434Z,Paris,9.64,overcast clouds
2025-12-11T22:43:29.180Z,Paris,9.76,overcast clouds
2025-12-11T22:43:29.182Z,Paris,9.76,overcast clouds
2025-12-12T03:50:55.553Z,Paris,10.12,overcast clouds
2025-12-12T03:50:55.554Z,Paris,10.12,overcast clouds
2025-12-12T04:57:19.809Z,Paris,10.03,overcast clouds
2025-12-12T04:57:19.810Z,Paris,10.03,overcast clouds
2025-12-12T07:00:02.963Z,Paris,10.02,overcast clouds
2025-12-12T07:00:02.965Z,Paris,10.02,overcast clouds
2025-12-12T08:58:12.667Z,Paris,10.07,mist
2025-12-12T08:58:12.668Z,Paris,10.07,mist
2025-12-12T10:50:12.921Z,Paris,10.86,overcast clouds
2025-12-12T10:50:12.923Z,Paris,10.86,overcast clouds
2025-12-12T13:49:17.017Z,Paris,11.74,overcast clouds
2025-12-12T13:49:17.019Z,Paris,11.74,overcast clouds
2025-12-12T14:38:33.997Z,Paris,11.34,overcast clouds
2025-12-12T14:38:33.999Z,Paris,11.34,overcast clouds
2025-12-12T16:49:56.063Z,Paris,10.7,overcast clouds
2025-12-12T16:49:56.065Z,Paris,10.7,overcast clouds
2025-12-12T18:57:08.737Z,Paris,9.73,overcast clouds
2025-12-12T18:57:08.739Z,Paris,9.73,overcast clouds
2025-12-12T20:42:44.385Z,Paris,9.91,mist
2025-12-12T20:42:44.387Z,Paris,9.91,mist
2025-12-12T22:41:11.509Z,Paris,9.11,mist
2025-12-12T22:41:11.511Z,Paris,9.11,mist
2025-12-13T03:41:32.965Z,Paris,8.75,fog
2025-12-13T03:41:32.967Z,Paris,8.75,fog
2025-12-13T04:48:19.887Z,Paris,8.79,fog
2025-12-13T04:48:19.890Z,Paris,8.79,fog
2025-12-13T06:55:13.941Z,Paris,8.33,fog
2025-12-13T06:55:13.943Z,Paris,8.33,fog
2025-12-13T08:48:05.138Z,Paris,8.47,fog
2025-12-13T08:48:05.140Z,Paris,8.47,fog
2025-12-13T10:40:56.648Z,Paris,9.06,fog
2025-12-13T10:40:56.651Z,Paris,9.06,fog
2025-12-13T13:33:49.734Z,Paris,10.14,overcast clouds
2025-12-13T13:33:49.736Z,Paris,10.14,overcast clouds
2025-12-13T14:38:05.648Z,Paris,10.25,overcast clouds
2025-12-13T14:38:05.650Z,Paris,10.25,overcast clouds
2025-12-13T16:47:15.639Z,Paris,9.42,overcast clouds
2025-12-13T16:47:15.641Z,Paris,9.42,overcast clouds
2025-12-13T18:49:37.334Z,Paris,9,mist
2025-12-13T18:49:37.361Z,Paris,9,mist
2025-12-13T20:38:03.472Z,Paris,8.94,fog
2025-12-13T20:38:03.474Z,Paris,8.94,fog
2025-12-13T22:38:48.815Z,Paris,8,fog
2025-12-13T22:38:48.817Z,Paris,8,fog
2025-12-14T03:54:49.845Z,Paris,6.7,fog
2025-12-14T03:54:49.848Z,Paris,6.7,fog
2025-12-14T04:57:42.495Z,Paris,6.7,fog
2025-12-14T04:57:42.497Z,Paris,6.7,fog
2025-12-14T06:55:51.737Z,Paris,6.52,fog
2025-12-14T06:55:51.739Z,Paris,6.52,fog
2025-12-14T08:48:58.835Z,Paris,6.56,fog
2025-12-14T08:48:58.838Z,Paris,6.56,fog
2025-12-14T10:41:43.872Z,Paris,7.04,fog
2025-12-14T10:41:43.873Z,Paris,7.04,fog
2025-12-14T13:35:14.267Z,Paris,7.07,fog
2025-12-14T13:35:14.269Z,Paris,7.07,fog
2025-12-14T14:39:43.002Z,Paris,6.38,fog
2025-12-14T14:39:43.004Z,Paris,6.38,fog
2025-12-14T16:47:45.937Z,Paris,6.59,fog
2025-12-14T16:47:45.938Z,Paris,6.59,fog
2025-12-14T18:52:32.552Z,Paris,6.4,fog
2025-12-14T18:52:32.554Z,Paris,6.4,fog
2025-12-14T20:39:58.008Z,Paris,5.72,fog
2025-12-14T20:39:58.010Z,Paris,5.72,fog
2025-12-14T22:38:49.694Z,Paris,5.08,fog
2025-12-14T22:38:49.696Z,Paris,5.08,fog
2025-12-15T04:01:20.950Z,Paris,5.09,fog
2025-12-15T04:01:20.952Z,Paris,5.09,fog
2025-12-15T05:02:42.362Z,Paris,5.42,fog
2025-12-15T05:02:42.364Z,Paris,5.42,fog
2025-12-15T07:02:07.052Z,Paris,5.2,fog
2025-12-15T07:02:07.054Z,Paris,5.2,fog
2025-12-15T09:00:32.839Z,Paris,5.15,mist
2025-12-15T09:00:32.841Z,Paris,5.15,mist
2025-12-15T10:55:27.914Z,Paris,7.47,clear sky
2025-12-15T10:55:27.916Z,Paris,7.47,clear sky
2025-12-15T13:55:27.259Z,Paris,10.41,clear sky
2025-12-15T13:55:27.261Z,Paris,10.41,clear sky
2025-12-15T14:57:10.593Z,Paris,10.84,clear sky
2025-12-15T14:57:10.595Z,Paris,10.84,clear sky
2025-12-15T17:01:52.535Z,Paris,10.03,clear sky
2025-12-15T17:01:52.537Z,Paris,10.03,clear sky
2025-12-15T18:59:53.859Z,Paris,10.32,broken clouds
2025-12-15T18:59:53.861Z,Paris,10.32,broken clouds
2025-12-15T20:48:10.017Z,Paris,10.68,overcast clouds
2025-12-15T20:48:10.019Z,Paris,10.68,overcast clouds
2025-12-15T22:42:59.860Z,Paris,11.03,clear sky
2025-12-15T22:42:59.862Z,Paris,11.03,clear sky
2025-12-16T03:52:49.407Z,Paris,10.66,clear sky
2025-12-16T03:52:49.409Z,Paris,10.66,clear sky
2025-12-16T04:59:25.824Z,Paris,10.42,clear sky
2025-12-16T04:59:25.826Z,Paris,10.42,clear sky
2025-12-16T07:01:24.406Z,Paris,10.17,clear sky
2025-12-16T07:01:24.408Z,Paris,10.17,clear sky
2025-12-16T08:59:08.381Z,Paris,10.16,clear sky
2025-12-16T08:59:08.383Z,Paris,10.16,clear sky
2025-12-16T10:53:02.966Z,Paris,11.4,clear sky
2025-12-16T10:53:02.972Z,Paris,11.4,clear sky
2025-12-16T13:53:19.717Z,Paris,14.85,broken clouds
2025-12-16T13:53:19.720Z,Paris,14.85,broken clouds
2025-12-16T14:55:05.453Z,Paris,14.86,few clouds
2025-12-16T14:55:05.455Z,Paris,14.86,few clouds
2025-12-16T17:00:08.542Z,Paris,10.96,broken clouds
2025-12-16T17:00:08.544Z,Paris,10.96,broken clouds
2025-12-16T18:58:57.222Z,Paris,9.28,overcast clouds
2025-12-16T18:58:57.224Z,Paris,9.28,overcast clouds
2025-12-16T20:46:15.252Z,Paris,10.08,overcast clouds
2025-12-16T20:46:15.254Z,Paris,9.8,overcast clouds
2025-12-16T22:40:56.614Z,Paris,8.62,clear sky
2025-12-16T22:40:56.616Z,Paris,8.62,clear sky
2025-12-17T03:48:57.253Z,Paris,9.75,overcast clouds
2025-12-17T03:48:57.256Z,Paris,9.75,overcast clouds
2025-12-17T04:57:26.472Z,Paris,9.77,overcast clouds
2025-12-17T04:57:26.474Z,Paris,9.77,overcast clouds
2025-12-17T07:00:14.617Z,Paris,9.55,overcast clouds
2025-12-17T07:00:14.620Z,Paris,9.55,overcast clouds
2025-12-17T08:59:40.681Z,Paris,9.28,overcast clouds
2025-12-17T08:59:40.684Z,Paris,9.28,overcast clouds
2025-12-17T10:52:12.166Z,Paris,10.03,overcast clouds
2025-12-17T10:52:12.168Z,Paris,10.03,overcast clouds
2025-12-17T13:47:53.558Z,Paris,10.59,broken clouds
2025-12-17T13:47:53.565Z,Paris,10.59,broken clouds
2025-12-17T14:54:24.139Z,Paris,9.98,overcast clouds
2025-12-17T14:54:24.141Z,Paris,9.98,overcast clouds
2025-12-17T16:59:21.846Z,Paris,9.22,overcast clouds
2025-12-17T16:59:21.849Z,Paris,9.22,overcast clouds
2025-12-17T18:59:53.572Z,Paris,8.75,overcast clouds
2025-12-17T18:59:53.574Z,Paris,8.75,overcast clouds
2025-12-17T20:46:38.421Z,Paris,8.59,overcast clouds
2025-12-17T20:46:38.424Z,Paris,8.59,overcast clouds
2025-12-17T22:43:09.070Z,Paris,7.91,overcast clouds
2025-12-17T22:43:09.074Z,Paris,7.91,overcast clouds
2025-12-18T03:49:29.888Z,Paris,8.03,broken clouds
2025-12-18T03:49:29.890Z,Paris,8.03,broken clouds
2025-12-18T04:58:10.807Z,Paris,8.62,overcast clouds
2025-12-18T04:58:10.809Z,Paris,8.62,overcast clouds
2025-12-18T07:00:44.746Z,Paris,9.62,overcast clouds
2025-12-18T07:00:44.749Z,Paris,9.62,overcast clouds
2025-12-18T08:58:17.604Z,Paris,9.79,overcast clouds
2025-12-18T08:58:17.607Z,Paris,9.79,overcast clouds
2025-12-18T10:50:47.296Z,Paris,11.96,broken clouds
2025-12-18T10:50:47.298Z,Paris,11.96,broken clouds
2025-12-18T13:51:23.166Z,Paris,14.83,clear sky
2025-12-18T13:51:23.169Z,Paris,14.83,clear sky
2025-12-18T14:51:29.908Z,Paris,15,clear sky
2025-12-18T14:51:29.909Z,Paris,15,clear sky
2025-12-18T16:58:31.275Z,Paris,13.59,clear sky
2025-12-18T16:58:31.278Z,Paris,13.59,clear sky
2025-12-18T18:58:41.296Z,Paris,14.23,clear sky
2025-12-18T18:58:41.298Z,Paris,14.23,clear sky
2025-12-18T20:39:15.607Z,Paris,14.23,clear sky
2025-12-18T20:39:15.609Z,Paris,14.23,clear sky
2025-12-18T22:42:23.234Z,Paris,14.03,clear sky
2025-12-18T22:42:23.236Z,Paris,14.03,clear sky
2025-12-19T03:52:07.913Z,Paris,11.77,overcast clouds
2025-12-19T03:52:07.915Z,Paris,11.77,overcast clouds
2025-12-19T04:58:59.549Z,Paris,11.7,light rain
2025-12-19T04:58:59.550Z,Paris,11.7,light rain
2025-12-19T06:58:09.494Z,Paris,11.7,broken clouds
2025-12-19T06:58:09.497Z,Paris,11.7,broken clouds
2025-12-19T08:57:13.927Z,Paris,10.85,overcast clouds
2025-12-19T08:57:13.933Z,Paris,10.85,overcast clouds
2025-12-19T10:49:12.641Z,Paris,10.82,broken clouds
2025-12-19T10:49:12.643Z,Paris,10.82,broken clouds
2025-12-19T13:47:11.354Z,Paris,11.61,broken clouds
2025-12-19T13:47:11.356Z,Paris,11.61,broken clouds
2025-12-19T14:47:58.289Z,Paris,11.16,broken clouds
2025-12-19T14:47:58.291Z,Paris,11.16,broken clouds
2025-12-19T16:54:28.231Z,Paris,9.43,clear sky
2025-12-19T16:54:28.233Z,Paris,9.43,clear sky
2025-12-19T18:57:29.893Z,Paris,8.87,clear sky
2025-12-19T18:57:29.896Z,Paris,8.87,clear sky
2025-12-19T20:42:01.804Z,Paris,8.55,mist
2025-12-19T20:42:01.806Z,Paris,8.55,mist
2025-12-19T22:41:33.577Z,Paris,6.78,clear sky
2025-12-19T22:41:33.579Z,Paris,6.78,clear sky
2025-12-20T03:42:10.378Z,Paris,7.9,broken clouds
2025-12-20T03:42:10.380Z,Paris,7.9,broken clouds
2025-12-20T04:48:42.400Z,Paris,7.94,light intensity drizzle
2025-12-20T04:48:42.402Z,Paris,7.94,light intensity drizzle
2025-12-20T06:55:08.812Z,Paris,8.4,overcast clouds
2025-12-20T06:55:08.813Z,Paris,8.4,overcast clouds
2025-12-20T08:49:30.721Z,Paris,8.44,light intensity drizzle
2025-12-20T08:49:30.723Z,Paris,8.44,light intensity drizzle
2025-12-20T10:41:50.578Z,Paris,9.03,overcast clouds
2025-12-20T10:41:50.580Z,Paris,9.08,overcast clouds
2025-12-20T13:34:20.654Z,Paris,9.53,mist
2025-12-20T13:34:20.656Z,Paris,9.53,mist
2025-12-20T14:37:45.683Z,Paris,9.6,light intensity drizzle
2025-12-20T14:37:45.685Z,Paris,9.6,light intensity drizzle
2025-12-20T16:45:32.756Z,Paris,9.81,mist
2025-12-20T16:45:32.758Z,Paris,9.81,mist
2025-12-20T18:50:37.115Z,Paris,10.08,mist
2025-12-20T18:50:37.116Z,Paris,10.08,mist
2025-12-20T20:37:37.772Z,Paris,9.74,overcast clouds
2025-12-20T20:37:37.774Z,Paris,9.74,overcast clouds
2025-12-20T22:38:25.112Z,Paris,9.44,overcast clouds
2025-12-20T22:38:25.114Z,Paris,9.44,overcast clouds
2025-12-21T03:56:31.946Z,Paris,8.86,fog
2025-12-21T03:56:31.948Z,Paris,8.86,fog
2025-12-21T04:59:23.497Z,Paris,8.86,mist
2025-12-21T04:59:23.499Z,Paris,8.86,mist
2025-12-21T06:56:54.331Z,Paris,8.58,mist
2025-12-21T06:56:54.333Z,Paris,8.58,mist
2025-12-21T08:49:43.043Z,Paris,9.04,overcast clouds
2025-12-21T08:49:43.046Z,Paris,9.04,overcast clouds
2025-12-21T10:42:48.670Z,Paris,10.28,moderate rain
2025-12-21T10:42:48.672Z,Paris,10.28,moderate rain
2025-12-21T13:36:29.119Z,Paris,10.88,overcast clouds
2025-12-21T13:36:29.120Z,Paris,10.88,overcast clouds
2025-12-21T14:39:59.073Z,Paris,11.27,light rain
2025-12-21T14:39:59.075Z,Paris,11.27,light rain
2025-12-21T16:46:48.768Z,Paris,10.63,broken clouds
2025-12-21T16:46:48.770Z,Paris,10.63,broken clouds
2025-12-21T18:50:56.252Z,Paris,10.35,moderate rain
2025-12-21T18:50:56.254Z,Paris,10.35,moderate rain
2025-12-21T20:26:41.959Z,Paris,10.5,moderate rain
2025-12-21T20:26:41.961Z,Paris,10.5,moderate rain
2025-12-21T22:23:50.525Z,Paris,10.65,clear sky
2025-12-21T22:23:50.527Z,Paris,10.65,clear sky
2025-12-22T02:05:27.315Z,Paris,9.36,clear sky
2025-12-22T02:05:27.317Z,Paris,9.36,clear sky
2025-12-22T04:44:18.223Z,Paris,8.47,overcast clouds
2025-12-22T04:44:18.225Z,Paris,8.47,overcast clouds
2025-12-22T06:40:56.053Z,Paris,8.04,clear sky
2025-12-22T06:40:56.055Z,Paris,8.04,clear sky
2025-12-22T08:36:13.100Z,Paris,7.78,overcast clouds
2025-12-22T08:36:13.102Z,Paris,7.78,overcast clouds
2025-12-22T10:28:00.630Z,Paris,9.1,clear sky
2025-12-22T10:28:00.632Z,Paris,9.1,clear sky
2025-12-22T12:52:35.721Z,Paris,9.54,broken clouds
2025-12-22T12:52:35.723Z,Paris,9.61,broken clouds
2025-12-22T14:26:27.097Z,Paris,9.84,clear sky
2025-12-22T14:26:27.100Z,Paris,9.84,clear sky
2025-12-22T16:32:28.934Z,Paris,9.24,clear sky
2025-12-22T16:32:28.936Z,Paris,9.24,clear sky
2025-12-22T18:36:53.768Z,Paris,8.75,clear sky
2025-12-22T18:36:53.770Z,Paris,8.75,clear sky
2025-12-22T20:27:56.750Z,Paris,9.18,clear sky
2025-12-22T20:27:56.760Z,Paris,9.18,clear sky
2025-12-22T22:25:00.522Z,Paris,8.58,clear sky
2025-12-22T22:25:00.524Z,Paris,8.58,clear sky
2025-12-23T02:00:27.399Z,Paris,7.93,clear sky
2025-12-23T02:00:27.401Z,Paris,7.93,clear sky
2025-12-23T04:40:30.142Z,Paris,5.82,clear sky
2025-12-23T04:40:30.144Z,Paris,5.82,clear sky
2025-12-23T06:40:08.428Z,Paris,5.15,mist
2025-12-23T06:40:08.430Z,Paris,5.15,mist
2025-12-23T08:35:20.859Z,Paris,3.89,mist
2025-12-23T08:35:20.861Z,Paris,3.89,mist
2025-12-23T10:28:58.709Z,Paris,3.74,mist
2025-12-23T10:28:58.711Z,Paris,3.74,mist
2025-12-23T12:53:45.633Z,Paris,4.1,overcast clouds
2025-12-23T12:53:45.635Z,Paris,4.1,overcast clouds
2025-12-23T14:26:10.239Z,Paris,4.48,overcast clouds
2025-12-23T14:26:10.241Z,Paris,4.48,overcast clouds
2025-12-23T16:33:29.756Z,Paris,4.63,overcast clouds
2025-12-23T16:33:29.758Z,Paris,4.63,overcast clouds
2025-12-23T18:37:20.079Z,Paris,4.49,overcast clouds
2025-12-23T18:37:20.084Z,Paris,4.49,overcast clouds
2025-12-23T20:27:45.300Z,Paris,5.06,overcast clouds
2025-12-23T20:27:45.301Z,Paris,5.06,overcast clouds
2025-12-23T22:23:59.345Z,Paris,5.1,overcast clouds
2025-12-23T22:23:59.347Z,Paris,5.1,overcast clouds
2025-12-24T01:58:52.656Z,Paris,5.1,overcast clouds
2025-12-24T01:58:52.659Z,Paris,5.1,overcast clouds
2025-12-24T03:39:10.809Z,Paris,5.14,overcast clouds
2025-12-24T03:39:10.811Z,Paris,5.14,overcast clouds
2025-12-24T04:39:00.737Z,Paris,5.56,overcast clouds
2025-12-24T04:39:00.739Z,Paris,5.56,overcast clouds
2025-12-24T06:40:06.400Z,Paris,5.82,overcast clouds
2025-12-24T06:40:06.402Z,Paris,5.82,overcast clouds
2025-12-24T08:35:21.690Z,Paris,4.97,overcast clouds
2025-12-24T08:35:21.692Z,Paris,4.97,overcast clouds
2025-12-24T10:27:10.327Z,Paris,4.5,overcast clouds
2025-12-24T10:27:10.345Z,Paris,4.5,overcast clouds
2025-12-24T12:51:55.401Z,Paris,3.89,overcast clouds
2025-12-24T12:51:55.416Z,Paris,3.89,overcast clouds
2025-12-24T14:24:08.492Z,Paris,3.47,broken clouds
2025-12-24T14:24:08.494Z,Paris,3.47,broken clouds
2025-12-24T16:31:13.781Z,Paris,2.27,broken clouds
2025-12-24T16:31:13.783Z,Paris,2.27,broken clouds
2025-12-24T18:35:58.169Z,Paris,1.58,overcast clouds
2025-12-24T18:35:58.171Z,Paris,1.58,overcast clouds
2025-12-24T20:27:34.139Z,Paris,0.53,broken clouds
2025-12-24T20:27:34.146Z,Paris,0.53,broken clouds
2025-12-24T22:24:23.467Z,Paris,0.16,broken clouds
2025-12-24T22:24:23.469Z,Paris,0.16,broken clouds
2025-12-25T02:00:49.200Z,Paris,0.16,overcast clouds
2025-12-25T02:00:49.202Z,Paris,0.16,overcast clouds
2025-12-25T04:40:53.518Z,Paris,0.1,overcast clouds
2025-12-25T04:40:53.519Z,Paris,0.1,overcast clouds
2025-12-25T06:39:20.267Z,Paris,0.04,overcast clouds
2025-12-25T06:39:20.268Z,Paris,0.04,overcast clouds
2025-12-25T08:34:13.826Z,Paris,-0.3,clear sky
2025-12-25T08:34:13.828Z,Paris,-0.3,clear sky
2025-12-25T10:27:09.001Z,Paris,0.78,clear sky
2025-12-25T10:27:09.003Z,Paris,0.78,clear sky
2025-12-25T12:51:29.315Z,Paris,2.51,clear sky
2025-12-25T12:51:29.317Z,Paris,2.51,clear sky
2025-12-25T14:24:42.335Z,Paris,2.68,clear sky
2025-12-25T14:24:42.337Z,Paris,2.68,clear sky
2025-12-25T16:31:33.840Z,Paris,1.47,clear sky
2025-12-25T16:31:33.842Z,Paris,1.44,clear sky
2025-12-25T18:35:18.409Z,Paris,0.49,clear sky
2025-12-25T18:35:18.412Z,Paris,0.49,clear sky
2025-12-25T20:28:14.674Z,Paris,-0.07,clear sky
2025-12-25T20:28:14.676Z,Paris,-0.07,clear sky
2025-12-25T22:23:58.063Z,Paris,-0.75,clear sky
2025-12-25T22:23:58.065Z,Paris,-0.75,clear sky
2025-12-26T01:59:57.060Z,Paris,-1.32,clear sky
2025-12-26T01:59:57.062Z,Paris,-1.32,clear sky
2025-12-26T03:39:57.257Z,Paris,-1.35,clear sky
2025-12-26T03:39:57.260Z,Paris,-1.35,clear sky
2025-12-26T04:38:07.683Z,Paris,-1.49,clear sky
2025-12-26T04:38:07.686Z,Paris,-1.49,clear sky
2025-12-26T06:38:48.257Z,Paris,-1.51,clear sky
2025-12-26T06:38:48.259Z,Paris,-1.51,clear sky
2025-12-26T08:34:02.490Z,Paris,-1.4,clear sky
2025-12-26T08:34:02.492Z,Paris,-1.4,clear sky
2025-12-26T10:26:58.251Z,Paris,0.5,clear sky
2025-12-26T10:26:58.270Z,Paris,0.5,clear sky
2025-12-26T12:51:35.026Z,Paris,2.91,clear sky
2025-12-26T12:51:35.028Z,Paris,2.91,clear sky
2025-12-26T14:24:52.750Z,Paris,3.69,clear sky
2025-12-26T14:24:52.752Z,Paris,3.69,clear sky
2025-12-26T16:29:43.900Z,Paris,2.7,clear sky
2025-12-26T16:29:43.905Z,Paris,2.7,clear sky
2025-12-26T18:35:28.002Z,Paris,1.27,clear sky
2025-12-26T18:35:28.004Z,Paris,1.27,clear sky
2025-12-26T20:26:52.320Z,Paris,0.67,clear sky
2025-12-26T20:26:52.322Z,Paris,0.67,clear sky
2025-12-26T22:24:09.862Z,Paris,0.67,clear sky
2025-12-26T22:24:09.863Z,Paris,0.67,clear sky
2025-12-27T01:57:44.923Z,Paris,-0.29,clear sky
2025-12-27T01:57:44.925Z,Paris,-0.29,clear sky
2025-12-27T03:36:43.759Z,Paris,-0.07,clear sky
2025-12-27T03:36:43.761Z,Paris,-0.07,clear sky
2025-12-27T04:35:41.235Z,Paris,-0.22,clear sky
2025-12-27T04:35:41.236Z,Paris,-0.22,clear sky
2025-12-27T06:37:18.532Z,Paris,0.32,clear sky
2025-12-27T06:37:18.534Z,Paris,0.32,clear sky
2025-12-27T08:32:07.090Z,Paris,-0.45,clear sky
2025-12-27T08:32:07.092Z,Paris,-0.45,clear sky
2025-12-27T10:24:58.405Z,Paris,1.64,clear sky
2025-12-27T10:24:58.407Z,Paris,1.64,clear sky
2025-12-27T12:48:54.957Z,Paris,2.2,overcast clouds
2025-12-27T12:48:54.959Z,Paris,2.2,overcast clouds
2025-12-27T14:22:24.210Z,Paris,2.4,broken clouds
2025-12-27T14:22:24.214Z,Paris,2.4,broken clouds
2025-12-27T16:29:46.941Z,Paris,1.38,clear sky
2025-12-27T16:29:46.943Z,Paris,1.38,clear sky
2025-12-27T18:34:04.611Z,Paris,-0.95,clear sky
2025-12-27T18:34:04.613Z,Paris,-0.95,clear sky
2025-12-27T20:27:05.091Z,Paris,0.58,clear sky
2025-12-27T20:27:05.093Z,Paris,0.58,clear sky
2025-12-27T22:23:35.889Z,Paris,0.94,clear sky
2025-12-27T22:23:35.891Z,Paris,0.94,clear sky
2025-12-28T02:11:38.474Z,Paris,0.25,clear sky
2025-12-28T02:11:38.476Z,Paris,0.25,clear sky
2025-12-28T04:48:26.731Z,Paris,-0.26,mist
2025-12-28T04:48:26.739Z,Paris,-0.26,mist
2025-12-28T06:37:20.954Z,Paris,0.61,mist
2025-12-28T06:37:20.956Z,Paris,0.61,mist
2025-12-28T08:32:21.669Z,Paris,1.34,overcast clouds
2025-12-28T08:32:21.671Z,Paris,1.34,overcast clouds
2025-12-28T10:25:20.723Z,Paris,2.48,overcast clouds
2025-12-28T10:25:20.726Z,Paris,2.48,overcast clouds
2025-12-28T12:49:45.465Z,Paris,2.53,overcast clouds
2025-12-28T12:49:45.467Z,Paris,2.53,overcast clouds
2025-12-28T14:23:26.273Z,Paris,2.55,overcast clouds
2025-12-28T14:23:26.275Z,Paris,2.55,overcast clouds
2025-12-28T16:30:26.162Z,Paris,1.98,overcast clouds
2025-12-28T16:30:26.164Z,Paris,1.98,overcast clouds
2025-12-28T18:34:58.747Z,Paris,1.03,broken clouds
2025-12-28T18:34:58.748Z,Paris,1.03,broken clouds
2025-12-28T20:28:08.855Z,Paris,0.09,clear sky
2025-12-28T20:28:08.857Z,Paris,0.09,clear sky
2025-12-28T22:24:06.175Z,Paris,-0.35,fog
2025-12-28T22:24:06.176Z,Paris,-0.35,fog
2025-12-29T02:09:40.041Z,Paris,-1.15,clear sky
2025-12-29T02:09:40.043Z,Paris,-1.15,clear sky
2025-12-29T04:53:02.825Z,Paris,-1.25,clear sky
2025-12-29T04:53:02.827Z,Paris,-1.25,clear sky
2025-12-29T06:41:48.304Z,Paris,-1.39,clear sky
2025-12-29T06:41:48.306Z,Paris,-1.39,clear sky
2025-12-29T08:37:42.061Z,Paris,-1.56,clear sky
2025-12-29T08:37:42.062Z,Paris,-1.56,clear sky
2025-12-29T10:28:50.069Z,Paris,0.07,few clouds
2025-12-29T10:28:50.072Z,Paris,0.07,few clouds
2025-12-29T12:54:48.018Z,Paris,2.33,clear sky
2025-12-29T12:54:48.020Z,Paris,2.33,clear sky
2025-12-29T14:27:08.310Z,Paris,2.89,clear sky
2025-12-29T14:27:08.312Z,Paris,2.89,clear sky
2025-12-29T16:31:27.824Z,Paris,0.8,clear sky
2025-12-29T16:31:27.826Z,Paris,0.8,clear sky
2025-12-29T18:36:26.129Z,Paris,1.09,broken clouds
2025-12-29T18:36:26.131Z,Paris,1.09,broken clouds
2025-12-29T20:29:23.906Z,Paris,2.06,overcast clouds
2025-12-29T20:29:23.908Z,Paris,2.06,overcast clouds
2025-12-29T22:24:17.511Z,Paris,2.75,overcast clouds
2025-12-29T22:24:17.513Z,Paris,2.75,overcast clouds
2025-12-30T02:01:18.288Z,Paris,3.32,overcast clouds
2025-12-30T02:01:18.290Z,Paris,3.32,overcast clouds
2025-12-30T04:42:36.343Z,Paris,3.1,overcast clouds
2025-12-30T04:42:36.346Z,Paris,3.1,overcast clouds
2025-12-30T06:39:56.683Z,Paris,3.37,mist
2025-12-30T06:39:56.685Z,Paris,3.37,mist
2025-12-30T08:35:20.978Z,Paris,2.84,mist
2025-12-30T08:35:20.980Z,Paris,2.84,mist
2025-12-30T10:28:54.738Z,Paris,3.34,scattered clouds
2025-12-30T10:28:54.740Z,Paris,3.37,scattered clouds
2025-12-30T12:54:02.547Z,Paris,5.51,clear sky
2025-12-30T12:54:02.549Z,Paris,5.51,clear sky
2025-12-30T14:25:53.580Z,Paris,5.33,few clouds
2025-12-30T14:25:53.582Z,Paris,5.33,few clouds
2025-12-30T16:33:17.270Z,Paris,4.28,clear sky
2025-12-30T16:33:17.272Z,Paris,4.28,clear sky
2025-12-30T18:37:37.161Z,Paris,2.74,clear sky
2025-12-30T18:37:37.163Z,Paris,2.74,clear sky
2025-12-30T20:28:04.438Z,Paris,2.57,clear sky
2025-12-30T20:28:04.440Z,Paris,2.57,clear sky
2025-12-30T22:24:42.444Z,Paris,1.77,clear sky
2025-12-30T22:24:42.446Z,Paris,1.77,clear sky
2025-12-31T02:01:43.316Z,Paris,-0.2,clear sky
2025-12-31T02:01:43.318Z,Paris,-0.2,clear sky
2025-12-31T04:41:53.067Z,Paris,-1.28,mist
2025-12-31T04:41:53.070Z,Paris,-1.28,mist
2025-12-31T06:39:58.146Z,Paris,-0.8,mist
2025-12-31T06:39:58.148Z,Paris,-0.8,mist
2025-12-31T08:35:28.002Z,Paris,-1.41,mist
2025-12-31T08:35:28.004Z,Paris,-1.41,mist
2025-12-31T10:27:11.102Z,Paris,0.98,mist
2025-12-31T10:27:11.109Z,Paris,0.98,mist
2025-12-31T12:52:25.409Z,Paris,4.31,few clouds
2025-12-31T12:52:25.411Z,Paris,4.31,few clouds
2025-12-31T14:25:11.985Z,Paris,4.87,clear sky
2025-12-31T14:25:11.986Z,Paris,4.87,clear sky
2025-12-31T16:31:37.237Z,Paris,3.73,clear sky
2025-12-31T16:31:37.239Z,Paris,3.73,clear sky
2025-12-31T18:35:42.188Z,Paris,0.58,clear sky
2025-12-31T18:35:42.190Z,Paris,0.58,clear sky
2025-12-31T20:27:58.283Z,Paris,0.7,mist
2025-12-31T20:27:58.286Z,Paris,0.7,mist
2025-12-31T22:25:11.239Z,Paris,-1.2,fog
2025-12-31T22:25:11.241Z,Paris,-1.2,fog
2026-01-01T02:12:00.080Z,Paris,-2.54,fog
2026-01-01T02:12:00.082Z,Paris,-2.54,fog
2026-01-01T04:51:47.193Z,Paris,-2.88,mist
2026-01-01T04:51:47.197Z,Paris,-2.88,mist
2026-01-01T06:40:08.577Z,Paris,0.01,broken clouds
2026-01-01T06:40:08.579Z,Paris,0.01,broken clouds
2026-01-01T08:34:52.943Z,Paris,-0.75,overcast clouds
2026-01-01T08:34:52.975Z,Paris,-0.75,overcast clouds
2026-01-01T10:27:55.987Z,Paris,1.79,few clouds
2026-01-01T10:27:55.989Z,Paris,1.79,few clouds
2026-01-01T12:52:37.300Z,Paris,3.82,broken clouds
2026-01-01T12:52:37.309Z,Paris,3.82,broken clouds
2026-01-01T14:24:42.653Z,Paris,4.04,overcast clouds
2026-01-01T14:24:42.655Z,Paris,4.04,overcast clouds
2026-01-01T16:32:17.979Z,Paris,3.64,overcast clouds
2026-01-01T16:32:17.980Z,Paris,3.68,overcast clouds
2026-01-01T18:35:55.123Z,Paris,3.07,overcast clouds
2026-01-01T18:35:55.125Z,Paris,3.07,overcast clouds
2026-01-01T20:29:09.340Z,Paris,2.92,broken clouds
2026-01-01T20:29:09.342Z,Paris,2.92,broken clouds
2026-01-01T22:24:49.778Z,Paris,2.75,broken clouds
2026-01-01T22:24:49.780Z,Paris,2.75,broken clouds
2026-01-02T02:03:27.862Z,Paris,2.73,overcast clouds
2026-01-02T02:03:27.864Z,Paris,2.73,overcast clouds
2026-01-02T04:45:23.540Z,Paris,2.15,few clouds
2026-01-02T04:45:23.550Z,Paris,2.15,few clouds
2026-01-02T06:40:00.825Z,Paris,1.77,broken clouds
2026-01-02T06:40:00.827Z,Paris,1.77,broken clouds
2026-01-02T08:35:19.104Z,Paris,1.82,few clouds
2026-01-02T08:35:19.106Z,Paris,1.82,few clouds
2026-01-02T10:27:13.167Z,Paris,3.53,broken clouds
2026-01-02T10:27:13.169Z,Paris,3.53,broken clouds
2026-01-02T12:51:10.837Z,Paris,4.69,overcast clouds
2026-01-02T12:51:10.839Z,Paris,4.69,overcast clouds
2026-01-02T14:25:44.641Z,Paris,1.91,mist
2026-01-02T14:25:44.643Z,Paris,1.91,mist
2026-01-02T16:31:19.301Z,Paris,2.16,broken clouds
2026-01-02T16:31:19.303Z,Paris,2.16,broken clouds
2026-01-02T18:35:50.525Z,Paris,1.23,few clouds
2026-01-02T18:35:50.527Z,Paris,1.23,few clouds
2026-01-02T20:27:23.830Z,Paris,0.23,mist
2026-01-02T20:27:23.832Z,Paris,0.23,mist
2026-01-02T22:25:10.590Z,Paris,-1.01,mist
2026-01-02T22:25:10.592Z,Paris,-1.01,mist
2026-01-03T01:56:45.089Z,Paris,-2.22,mist
2026-01-03T01:56:45.091Z,Paris,-2.22,mist
2026-01-03T03:35:51.936Z,Paris,-2.05,clear sky
2026-01-03T03:35:51.938Z,Paris,-2.05,clear sky
2026-01-03T04:35:29.669Z,Paris,-1.29,clear sky
2026-01-03T04:35:29.671Z,Paris,-1.29,clear sky
2026-01-03T06:37:16.338Z,Paris,-1.49,light snow
2026-01-03T06:37:16.340Z,Paris,-1.49,light snow
2026-01-03T08:32:18.884Z,Paris,-1.18,clear sky
2026-01-03T08:32:18.886Z,Paris,-1.18,clear sky
2026-01-03T10:25:40.485Z,Paris,1.04,broken clouds
2026-01-03T10:25:40.487Z,Paris,1.04,broken clouds
2026-01-03T12:49:31.225Z,Paris,3.82,broken clouds
2026-01-03T12:49:31.227Z,Paris,3.82,broken clouds
2026-01-03T14:23:15.353Z,Paris,3.79,scattered clouds
2026-01-03T14:23:15.355Z,Paris,3.79,scattered clouds
2026-01-03T16:30:12.054Z,Paris,2.26,clear sky
2026-01-03T16:30:12.056Z,Paris,2.26,clear sky
2026-01-03T18:34:19.058Z,Paris,-0.07,clear sky
2026-01-03T18:34:19.060Z,Paris,-0.07,clear sky
2026-01-03T20:27:52.122Z,Paris,0.03,broken clouds
2026-01-03T20:27:52.124Z,Paris,0.03,broken clouds
2026-01-03T22:23:47.137Z,Paris,-1.58,clear sky
2026-01-03T22:23:47.139Z,Paris,-1.58,clear sky
2026-01-04T02:19:34.942Z,Paris,-1.77,few clouds
2026-01-04T02:19:34.945Z,Paris,-1.77,few clouds
2026-01-04T04:52:02.592Z,Paris,-2.15,few clouds
2026-01-04T04:52:02.594Z,Paris,-2.15,few clouds
2026-01-04T06:38:10.586Z,Paris,-2.66,clear sky
2026-01-04T06:38:10.588Z,Paris,-2.91,clear sky
2026-01-04T08:33:28.065Z,Paris,-2.91,clear sky
2026-01-04T08:33:28.067Z,Paris,-2.91,clear sky
2026-01-04T10:24:56.045Z,Paris,0.49,clear sky
2026-01-04T10:24:56.048Z,Paris,0.49,clear sky
2026-01-04T12:50:04.721Z,Paris,3.01,clear sky
2026-01-04T12:50:04.723Z,Paris,3.01,clear sky
2026-01-04T14:22:32.015Z,Paris,3,few clouds
2026-01-04T14:22:32.017Z,Paris,3,few clouds
2026-01-04T16:29:55.059Z,Paris,1.48,few clouds
2026-01-04T16:29:55.061Z,Paris,1.48,few clouds
2026-01-04T18:34:47.329Z,Paris,-0.7,broken clouds
2026-01-04T18:34:47.331Z,Paris,-0.7,broken clouds
2026-01-04T20:28:11.841Z,Paris,-1.03,broken clouds
2026-01-04T20:28:11.842Z,Paris,-1.03,broken clouds
2026-01-04T22:24:08.820Z,Paris,-2.27,mist
2026-01-04T22:24:08.821Z,Paris,-2.27,mist
2026-01-05T02:12:50.469Z,Paris,-3.4,clear sky
2026-01-05T02:12:50.471Z,Paris,-3.4,clear sky
2026-01-05T04:59:27.291Z,Paris,-4.17,mist
2026-01-05T04:59:27.294Z,Paris,-4.17,mist
2026-01-05T06:45:46.147Z,Paris,-3.8,mist
2026-01-05T06:45:46.149Z,Paris,-3.8,mist
2026-01-05T08:40:06.400Z,Paris,-2.99,fog
2026-01-05T08:40:06.402Z,Paris,-2.99,fog
2026-01-05T10:30:35.742Z,Paris,-2.19,fog
2026-01-05T10:30:35.744Z,Paris,-2.19,fog
2026-01-05T12:56:31.708Z,Paris,-1.13,mist
2026-01-05T12:56:31.711Z,Paris,-1.13,mist
2026-01-05T14:29:39.210Z,Paris,-0.83,snow
2026-01-05T14:29:39.212Z,Paris,-0.83,snow
2026-01-05T16:32:49.552Z,Paris,-0.99,light snow
2026-01-05T16:32:49.554Z,Paris,-0.99,light snow
2026-01-05T18:39:18.513Z,Paris,-0.8,mist
2026-01-05T18:39:18.515Z,Paris,-0.8,mist
2026-01-05T20:30:47.459Z,Paris,-0.45,overcast clouds
2026-01-05T20:30:47.461Z,Paris,-0.45,overcast clouds
2026-01-05T22:25:55.751Z,Paris,-1.03,mist
2026-01-05T22:25:55.753Z,Paris,-1.03,mist
2026-01-06T02:03:19.694Z,Paris,-2.48,mist
2026-01-06T02:03:19.696Z,Paris,-2.48,mist
2026-01-06T04:42:56.423Z,Paris,-4.97,fog
2026-01-06T04:42:56.439Z,Paris,-4.97,fog
2026-01-06T06:40:52.479Z,Paris,-5.91,mist
2026-01-06T06:40:52.481Z,Paris,-5.91,mist
2026-01-06T08:37:36.751Z,Paris,-5.57,fog
2026-01-06T08:37:36.753Z,Paris,-5.57,fog
2026-01-06T10:29:18.742Z,Paris,-1.14,mist
2026-01-06T10:29:18.744Z,Paris,-1.14,mist
2026-01-06T12:54:26.349Z,Paris,2.24,clear sky
2026-01-06T12:54:26.351Z,Paris,2.24,clear sky
2026-01-06T14:27:34.950Z,Paris,1.91,clear sky
2026-01-06T14:27:34.952Z,Paris,1.91,clear sky
2026-01-06T16:35:25.241Z,Paris,0.78,few clouds
2026-01-06T16:35:25.243Z,Paris,0.78,few clouds
2026-01-06T18:38:05.660Z,Paris,-1.18,mist
2026-01-06T18:38:05.662Z,Paris,-1.18,mist
2026-01-06T20:29:28.042Z,Paris,-2.26,mist
2026-01-06T20:29:28.044Z,Paris,-2.26,mist
2026-01-06T22:26:24.582Z,Paris,-1.21,broken clouds
2026-01-06T22:26:24.584Z,Paris,-1.21,broken clouds
2026-01-07T02:03:01.868Z,Paris,-1.63,mist
2026-01-07T02:03:01.870Z,Paris,-1.63,mist
2026-01-07T04:44:40.625Z,Paris,-1.35,overcast clouds
2026-01-07T04:44:40.649Z,Paris,-1.35,overcast clouds
2026-01-07T06:40:45.968Z,Paris,-1.55,mist
2026-01-07T06:40:45.970Z,Paris,-1.55,mist
2026-01-07T08:37:14.331Z,Paris,-1.59,mist
2026-01-07T08:37:14.333Z,Paris,-1.59,mist
2026-01-07T10:29:53.032Z,Paris,-1.15,mist
2026-01-07T10:29:53.034Z,Paris,-1.15,mist
2026-01-07T12:55:37.760Z,Paris,1.06,broken clouds
2026-01-07T12:55:37.762Z,Paris,1.06,broken clouds
2026-01-07T14:29:02.052Z,Paris,1.58,broken clouds
2026-01-07T14:29:02.055Z,Paris,1.58,broken clouds
2026-01-07T16:36:33.445Z,Paris,1.44,moderate rain
2026-01-07T16:36:33.447Z,Paris,1.44,moderate rain
2026-01-07T18:39:34.792Z,Paris,1.01,broken clouds
2026-01-07T18:39:34.794Z,Paris,1.01,broken clouds
2026-01-07T20:30:54.560Z,Paris,1.81,broken clouds
2026-01-07T20:30:54.562Z,Paris,1.81,broken clouds
2026-01-07T22:25:37.861Z,Paris,2.58,overcast clouds
2026-01-07T22:25:37.874Z,Paris,2.58,overcast clouds
2026-01-08T02:03:12.157Z,Paris,2.92,fog
2026-01-08T02:03:12.159Z,Paris,2.92,fog
2026-01-08T04:42:34.706Z,Paris,3,drizzle
2026-01-08T04:42:34.708Z,Paris,3,drizzle
2026-01-08T06:40:41.679Z,Paris,4.24,mist
2026-01-08T06:40:41.681Z,Paris,4.24,mist
2026-01-08T08:36:59.879Z,Paris,5.62,overcast clouds
2026-01-08T08:36:59.881Z,Paris,5.62,overcast clouds
2026-01-08T10:29:52.590Z,Paris,6.27,overcast clouds
2026-01-08T10:29:52.592Z,Paris,6.27,overcast clouds
2026-01-08T12:55:58.052Z,Paris,6.68,light intensity drizzle
2026-01-08T12:55:58.053Z,Paris,6.68,light intensity drizzle
2026-01-08T14:30:23.245Z,Paris,6.71,overcast clouds
2026-01-08T14:30:23.246Z,Paris,6.71,overcast clouds
2026-01-08T16:36:28.217Z,Paris,8.28,overcast clouds
2026-01-08T16:36:28.218Z,Paris,8.28,overcast clouds
2026-01-08T18:35:23.873Z,Paris,9.55,light intensity drizzle
2026-01-08T18:35:23.875Z,Paris,9.55,light intensity drizzle
2026-01-08T20:30:48.330Z,Paris,10.06,light intensity drizzle
2026-01-08T20:30:48.333Z,Paris,10.06,light intensity drizzle
2026-01-08T22:26:07.184Z,Paris,10.53,broken clouds
2026-01-08T22:26:07.186Z,Paris,10.53,broken clouds
2026-01-09T02:04:30.276Z,Paris,8.74,broken clouds
2026-01-09T02:04:30.278Z,Paris,8.74,broken clouds
2026-01-09T04:44:01.965Z,Paris,7.68,overcast clouds
2026-01-09T04:44:01.967Z,Paris,7.68,overcast clouds
2026-01-09T06:40:51.678Z,Paris,7.26,overcast clouds
2026-01-09T06:40:51.680Z,Paris,7.26,overcast clouds
2026-01-09T08:36:59.065Z,Paris,6.96,light intensity drizzle
2026-01-09T08:36:59.067Z,Paris,6.96,light intensity drizzle
2026-01-09T10:28:50.207Z,Paris,6.84,overcast clouds
2026-01-09T10:28:50.209Z,Paris,6.84,overcast clouds
2026-01-09T12:54:49.678Z,Paris,6.29,overcast clouds
2026-01-09T12:54:49.680Z,Paris,6.29,overcast clouds
2026-01-09T14:29:10.224Z,Paris,5.9,broken clouds
2026-01-09T14:29:10.226Z,Paris,5.9,broken clouds
2026-01-09T16:34:43.071Z,Paris,5.64,overcast clouds
2026-01-09T16:34:43.073Z,Paris,5.64,overcast clouds
2026-01-09T18:38:42.647Z,Paris,5.16,overcast clouds
2026-01-09T18:38:42.650Z,Paris,5.16,overcast clouds
2026-01-09T20:30:03.601Z,Paris,4.91,broken clouds
2026-01-09T20:30:03.603Z,Paris,4.91,broken clouds
2026-01-09T22:26:13.967Z,Paris,4.49,broken clouds
2026-01-09T22:26:13.969Z,Paris,4.49,broken clouds
2026-01-10T02:00:16.525Z,Paris,4.43,broken clouds
2026-01-10T02:00:16.527Z,Paris,4.43,broken clouds
2026-01-10T04:37:24.610Z,Paris,4.19,broken clouds
2026-01-10T04:37:24.612Z,Paris,4.19,broken clouds
2026-01-10T06:36:24.258Z,Paris,3.95,overcast clouds
2026-01-10T06:36:24.261Z,Paris,3.95,overcast clouds
2026-01-10T08:32:15.209Z,Paris,3.55,broken clouds
2026-01-10T08:32:15.211Z,Paris,3.55,broken clouds
2026-01-10T10:25:42.664Z,Paris,4.06,overcast clouds
2026-01-10T10:25:42.666Z,Paris,4.06,overcast clouds
2026-01-10T12:49:34.242Z,Paris,4.35,overcast clouds
2026-01-10T12:49:34.244Z,Paris,4.35,overcast clouds
2026-01-10T14:23:25.630Z,Paris,4.33,overcast clouds
2026-01-10T14:23:25.632Z,Paris,4.33,overcast clouds
2026-01-10T16:29:56.735Z,Paris,4.31,overcast clouds
2026-01-10T16:29:56.737Z,Paris,4.31,overcast clouds
2026-01-10T18:35:09.614Z,Paris,3.63,scattered clouds
2026-01-10T18:35:09.617Z,Paris,3.63,scattered clouds
2026-01-10T20:27:28.847Z,Paris,3.16,overcast clouds
2026-01-10T20:27:28.849Z,Paris,3.16,overcast clouds
2026-01-10T22:24:09.366Z,Paris,2.89,broken clouds
2026-01-10T22:24:09.369Z,Paris,2.89,broken clouds
2026-01-11T02:19:27.989Z,Paris,0.25,clear sky
2026-01-11T02:19:27.991Z,Paris,0.25,clear sky
2026-01-11T04:51:28.736Z,Paris,-0.84,clear sky
2026-01-11T04:51:28.739Z,Paris,-0.84,clear sky
2026-01-11T06:38:16.287Z,Paris,-0.33,clear sky
2026-01-11T06:38:16.289Z,Paris,-0.33,clear sky
2026-01-11T08:32:25.308Z,Paris,0.09,clear sky
2026-01-11T08:32:25.314Z,Paris,-0.19,clear sky
2026-01-11T10:26:09.916Z,Paris,1.98,clear sky
2026-01-11T10:26:09.918Z,Paris,1.98,clear sky
2026-01-11T12:50:37.418Z,Paris,4.56,clear sky
2026-01-11T12:50:37.420Z,Paris,4.56,clear sky
2026-01-11T14:23:06.674Z,Paris,4.76,clear sky
2026-01-11T14:23:06.677Z,Paris,4.76,clear sky
2026-01-11T16:30:19.983Z,Paris,4.45,clear sky
2026-01-11T16:30:19.985Z,Paris,4.45,clear sky
2026-01-11T18:34:50.864Z,Paris,4.05,clear sky
2026-01-11T18:34:50.866Z,Paris,4.05,clear sky
2026-01-11T20:28:12.141Z,Paris,4.23,overcast clouds
2026-01-11T20:28:12.143Z,Paris,4.23,overcast clouds
2026-01-11T22:24:24.396Z,Paris,4.09,moderate rain
2026-01-11T22:24:24.398Z,Paris,4.09,moderate rain
2026-01-12T02:09:11.947Z,Paris,5.28,overcast clouds
2026-01-12T02:09:11.949Z,Paris,5.28,overcast clouds
2026-01-12T04:54:30.671Z,Paris,7.31,overcast clouds
2026-01-12T04:54:30.673Z,Paris,7.31,overcast clouds
2026-01-12T06:43:47.204Z,Paris,8.44,overcast clouds
2026-01-12T06:43:47.206Z,Paris,8.44,overcast clouds
2026-01-12T08:38:50.851Z,Paris,9.23,overcast clouds
2026-01-12T08:38:50.853Z,Paris,9.23,overcast clouds
2026-01-12T10:30:53.864Z,Paris,10.1,overcast clouds
2026-01-12T10:30:53.866Z,Paris,10.1,overcast clouds
2026-01-12T12:57:06.655Z,Paris,10.56,overcast clouds
2026-01-12T12:57:06.657Z,Paris,10.59,overcast clouds
2026-01-12T14:30:52.098Z,Paris,10.92,light rain
2026-01-12T14:30:52.123Z,Paris,10.92,light rain
2026-01-12T16:33:05.734Z,Paris,11.53,clear sky
2026-01-12T16:33:05.736Z,Paris,11.53,clear sky
2026-01-12T18:39:14.766Z,Paris,11.48,broken clouds
2026-01-12T18:39:14.768Z,Paris,11.48,broken clouds
2026-01-12T20:30:28.614Z,Paris,11.62,overcast clouds
2026-01-12T20:30:28.616Z,Paris,11.62,overcast clouds
2026-01-12T22:23:11.877Z,Paris,10.44,broken clouds
2026-01-12T22:23:11.879Z,Paris,10.44,broken clouds
2026-01-13T02:00:55.580Z,Paris,9.84,clear sky
2026-01-13T02:00:55.582Z,Paris,9.84,clear sky
2026-01-13T04:44:04.746Z,Paris,9.4,broken clouds
2026-01-13T04:44:04.749Z,Paris,9.4,broken clouds
2026-01-13T06:41:04.281Z,Paris,8.73,clear sky
2026-01-13T06:41:04.283Z,Paris,8.73,clear sky
2026-01-13T08:37:11.235Z,Paris,8.75,clear sky
2026-01-13T08:37:11.237Z,Paris,8.75,clear sky
2026-01-13T10:29:48.796Z,Paris,9.2,clear sky
2026-01-13T10:29:48.798Z,Paris,9.2,clear sky
2026-01-13T12:57:05.654Z,Paris,13.03,clear sky
2026-01-13T12:57:05.656Z,Paris,13.03,clear sky
2026-01-13T14:30:26.108Z,Paris,12.09,clear sky
2026-01-13T14:30:26.110Z,Paris,12.09,clear sky
2026-01-13T16:37:50.622Z,Paris,11.3,clear sky
2026-01-13T16:37:50.624Z,Paris,11.3,clear sky
2026-01-13T18:40:27.509Z,Paris,11.59,clear sky
2026-01-13T18:40:27.511Z,Paris,11.59,clear sky
2026-01-13T20:30:54.189Z,Paris,11.29,clear sky
2026-01-13T20:30:54.191Z,Paris,11.29,clear sky
2026-01-13T22:26:51.283Z,Paris,10.87,clear sky
2026-01-13T22:26:51.285Z,Paris,10.87,clear sky
2026-01-14T02:07:54.625Z,Paris,9.85,clear sky
2026-01-14T02:07:54.626Z,Paris,9.85,clear sky
2026-01-14T04:49:44.319Z,Paris,9.3,overcast clouds
2026-01-14T04:49:44.321Z,Paris,9.3,overcast clouds
2026-01-14T06:40:51.982Z,Paris,8.98,overcast clouds
2026-01-14T06:40:51.985Z,Paris,8.98,overcast clouds
2026-01-14T08:36:57.923Z,Paris,8.98,overcast clouds
2026-01-14T08:36:57.925Z,Paris,8.98,overcast clouds
2026-01-14T10:31:08.471Z,Paris,10.24,clear sky
2026-01-14T10:31:08.473Z,Paris,10.24,clear sky
2026-01-14T12:57:11.647Z,Paris,12.29,clear sky
2026-01-14T12:57:11.649Z,Paris,12.29,clear sky
2026-01-14T14:30:06.430Z,Paris,13.06,clear sky
2026-01-14T14:30:06.431Z,Paris,13.06,clear sky
2026-01-14T16:37:09.474Z,Paris,11.83,clear sky
2026-01-14T16:37:09.490Z,Paris,11.83,clear sky
2026-01-14T18:39:34.097Z,Paris,11.27,overcast clouds
2026-01-14T18:39:34.099Z,Paris,11.27,overcast clouds
2026-01-14T20:27:12.128Z,Paris,11.34,broken clouds
2026-01-14T20:27:12.130Z,Paris,11.34,broken clouds
2026-01-14T22:27:43.791Z,Paris,11.11,overcast clouds
2026-01-14T22:27:43.793Z,Paris,11.11,overcast clouds
2026-01-15T02:02:57.909Z,Paris,10.9,overcast clouds
2026-01-15T02:02:57.911Z,Paris,10.9,overcast clouds
2026-01-15T04:45:09.664Z,Paris,9.49,broken clouds
2026-01-15T04:45:09.666Z,Paris,9.49,broken clouds
2026-01-15T06:40:14.764Z,Paris,8.54,overcast clouds
2026-01-15T06:40:14.766Z,Paris,8.54,overcast clouds
2026-01-15T08:37:01.225Z,Paris,8.64,broken clouds
2026-01-15T08:37:01.227Z,Paris,8.64,broken clouds
2026-01-15T10:30:11.110Z,Paris,9.86,overcast clouds
2026-01-15T10:30:11.112Z,Paris,9.86,overcast clouds
2026-01-15T12:55:51.279Z,Paris,11.39,overcast clouds
2026-01-15T12:55:51.281Z,Paris,11.39,overcast clouds
2026-01-15T14:29:22.662Z,Paris,13.69,broken clouds
2026-01-15T14:29:22.664Z,Paris,13.69,broken clouds
2026-01-15T16:40:23.672Z,Paris,12.65,clear sky
2026-01-15T16:40:23.674Z,Paris,12.65,clear sky
2026-01-15T18:42:35.739Z,Paris,12.07,broken clouds
2026-01-15T18:42:35.741Z,Paris,12.07,broken clouds
2026-01-15T20:31:33.213Z,Paris,12.41,broken clouds
2026-01-15T20:31:33.215Z,Paris,12.41,broken clouds
2026-01-15T22:26:50.741Z,Paris,10.94,overcast clouds
2026-01-15T22:26:50.744Z,Paris,10.94,overcast clouds
2026-01-16T02:04:44.315Z,Paris,9.9,broken clouds
2026-01-16T02:04:44.318Z,Paris,9.9,broken clouds
2026-01-16T04:43:05.002Z,Paris,8.76,overcast clouds
2026-01-16T04:43:05.004Z,Paris,8.76,overcast clouds
2026-01-16T06:40:50.293Z,Paris,7.95,overcast clouds
2026-01-16T06:40:50.295Z,Paris,7.95,overcast clouds
2026-01-16T08:36:01.007Z,Paris,8.43,overcast clouds
2026-01-16T08:36:01.009Z,Paris,8.43,overcast clouds
2026-01-16T10:30:04.753Z,Paris,9.18,broken clouds
2026-01-16T10:30:04.772Z,Paris,9.18,broken clouds
2026-01-16T12:54:55.828Z,Paris,10.9,overcast clouds
2026-01-16T12:54:55.830Z,Paris,10.9,overcast clouds
2026-01-16T14:28:38.909Z,Paris,11.23,broken clouds
2026-01-16T14:28:38.911Z,Paris,11.23,broken clouds
2026-01-16T16:35:33.470Z,Paris,10.2,broken clouds
2026-01-16T16:35:33.472Z,Paris,10.2,broken clouds
2026-01-16T18:39:09.231Z,Paris,9.81,broken clouds
2026-01-16T18:39:09.233Z,Paris,9.81,broken clouds
2026-01-16T20:27:04.065Z,Paris,9.44,overcast clouds
2026-01-16T20:27:04.067Z,Paris,9.44,overcast clouds
2026-01-16T22:26:05.770Z,Paris,8.91,broken clouds
2026-01-16T22:26:05.783Z,Paris,8.91,broken clouds
2026-01-17T01:58:53.657Z,Paris,8.31,broken clouds
2026-01-17T01:58:53.659Z,Paris,8.31,broken clouds
2026-01-17T03:36:53.545Z,Paris,7.72,mist
2026-01-17T03:36:53.547Z,Paris,7.72,mist
2026-01-17T04:35:28.673Z,Paris,7.81,mist
2026-01-17T04:35:28.675Z,Paris,7.81,mist
2026-01-17T06:36:46.954Z,Paris,7.67,fog
2026-01-17T06:36:46.956Z,Paris,7.67,fog
2026-01-17T08:31:59.509Z,Paris,7.55,fog
2026-01-17T08:31:59.511Z,Paris,7.55,fog
2026-01-17T10:25:36.940Z,Paris,8.2,mist
2026-01-17T10:25:36.941Z,Paris,8.2,mist
2026-01-17T12:49:19.312Z,Paris,10.5,broken clouds
2026-01-17T12:49:19.314Z,Paris,10.5,broken clouds
2026-01-17T14:23:03.830Z,Paris,11.49,broken clouds
2026-01-17T14:23:03.832Z,Paris,11.49,broken clouds
2026-01-17T16:28:38.381Z,Paris,10.77,few clouds
2026-01-17T16:28:38.383Z,Paris,10.77,few clouds
2026-01-17T18:34:21.088Z,Paris,9.43,clear sky
2026-01-17T18:34:21.091Z,Paris,9.43,clear sky
2026-01-17T20:27:08.093Z,Paris,9.39,clear sky
2026-01-17T20:27:08.095Z,Paris,9.39,clear sky
2026-01-17T22:24:05.602Z,Paris,8.99,clear sky
2026-01-17T22:24:05.605Z,Paris,8.99,clear sky
2026-01-18T02:12:00.917Z,Paris,8.47,clear sky
2026-01-18T02:12:00.919Z,Paris,8.47,clear sky
2026-01-18T04:45:07.969Z,Paris,8.11,clear sky
2026-01-18T04:45:07.971Z,Paris,8.11,clear sky
2026-01-18T06:37:18.849Z,Paris,8.12,clear sky
2026-01-18T06:37:18.851Z,Paris,8.12,clear sky
2026-01-18T08:32:23.824Z,Paris,7.77,clear sky
2026-01-18T08:32:23.827Z,Paris,7.77,clear sky
2026-01-18T10:26:21.777Z,Paris,8.6,clear sky
2026-01-18T10:26:21.779Z,Paris,8.6,clear sky
2026-01-18T12:49:35.018Z,Paris,9.07,clear sky
2026-01-18T12:49:35.020Z,Paris,9.07,clear sky
2026-01-18T14:22:18.593Z,Paris,9.16,clear sky
2026-01-18T14:22:18.595Z,Paris,9.16,clear sky
2026-01-18T16:30:05.386Z,Paris,8.98,clear sky
2026-01-18T16:30:05.388Z,Paris,8.98,clear sky
2026-01-18T18:33:48.000Z,Paris,7.11,clear sky
2026-01-18T18:33:48.002Z,Paris,7.11,clear sky
2026-01-18T20:28:00.302Z,Paris,5.21,few clouds
2026-01-18T20:28:00.304Z,Paris,5.21,few clouds
2026-01-18T22:24:18.163Z,Paris,4.44,scattered clouds
2026-01-18T22:24:18.165Z,Paris,4.44,scattered clouds
2026-01-19T02:09:48.689Z,Paris,3.6,overcast clouds
2026-01-19T02:09:48.691Z,Paris,3.6,overcast clouds
2026-01-19T04:55:31.384Z,Paris,2.21,mist
2026-01-19T04:55:31.386Z,Paris,2.21,mist
2026-01-19T06:46:35.600Z,Paris,2.45,overcast clouds
2026-01-19T06:46:35.602Z,Paris,2.45,overcast clouds
2026-01-19T08:39:41.793Z,Paris,2.8,mist
2026-01-19T08:39:41.796Z,Paris,2.8,mist
2026-01-19T10:34:50.093Z,Paris,5.37,clear sky
2026-01-19T10:34:50.096Z,Paris,5.37,clear sky
2026-01-19T12:59:45.238Z,Paris,9.52,clear sky
2026-01-19T12:59:45.240Z,Paris,9.52,clear sky
2026-01-19T14:32:50.507Z,Paris,10.58,clear sky
2026-01-19T14:32:50.508Z,Paris,10.58,clear sky
2026-01-19T16:35:50.859Z,Paris,9.45,clear sky
2026-01-19T16:35:50.861Z,Paris,9.45,clear sky
2026-01-19T18:38:46.348Z,Paris,8.4,clear sky
2026-01-19T18:38:46.350Z,Paris,8.4,clear sky
2026-01-19T20:29:25.683Z,Paris,8.02,clear sky
2026-01-19T20:29:25.685Z,Paris,8.02,clear sky
2026-01-19T22:26:30.599Z,Paris,7.69,clear sky
2026-01-19T22:26:30.601Z,Paris,7.69,clear sky
2026-01-20T02:04:48.136Z,Paris,7.24,clear sky
2026-01-20T02:04:48.161Z,Paris,7.24,clear sky
2026-01-20T04:50:20.163Z,Paris,6.81,few clouds
2026-01-20T04:50:20.165Z,Paris,6.81,few clouds
2026-01-20T06:43:00.965Z,Paris,6.4,overcast clouds
2026-01-20T06:43:00.967Z,Paris,6.4,overcast clouds
2026-01-20T08:38:48.200Z,Paris,6.33,overcast clouds
2026-01-20T08:38:48.202Z,Paris,6.33,overcast clouds
2026-01-20T10:34:07.172Z,Paris,6.83,overcast clouds
2026-01-20T10:34:07.174Z,Paris,6.83,overcast clouds
2026-01-20T13:00:14.014Z,Paris,8.07,overcast clouds
2026-01-20T13:00:14.016Z,Paris,8.07,overcast clouds
2026-01-20T14:36:07.718Z,Paris,9.09,broken clouds
2026-01-20T14:36:07.720Z,Paris,9.09,broken clouds
2026-01-20T16:40:59.450Z,Paris,8.16,clear sky
2026-01-20T16:40:59.452Z,Paris,8.58,clear sky
2026-01-20T18:45:03.931Z,Paris,8.04,broken clouds
2026-01-20T18:45:03.933Z,Paris,8.04,broken clouds
2026-01-20T20:44:00.751Z,Paris,7.95,overcast clouds
2026-01-20T20:44:00.753Z,Paris,7.95,overcast clouds
2026-01-20T22:27:10.131Z,Paris,8.72,overcast clouds
2026-01-20T22:27:10.133Z,Paris,8.72,overcast clouds
2026-01-21T02:07:33.781Z,Paris,8.77,broken clouds
2026-01-21T02:07:33.783Z,Paris,8.77,broken clouds
2026-01-21T04:48:59.505Z,Paris,8.83,clear sky
2026-01-21T04:48:59.507Z,Paris,8.84,clear sky
2026-01-21T06:42:58.228Z,Paris,8.35,clear sky
2026-01-21T06:42:58.230Z,Paris,8.35,clear sky
2026-01-21T08:38:08.177Z,Paris,8.62,clear sky
2026-01-21T08:38:08.179Z,Paris,8.62,clear sky
2026-01-21T10:34:56.696Z,Paris,10.1,clear sky
2026-01-21T10:34:56.698Z,Paris,10.1,clear sky
2026-01-21T12:59:38.935Z,Paris,13.11,clear sky
2026-01-21T12:59:38.938Z,Paris,13.11,clear sky
2026-01-21T14:36:17.219Z,Paris,13.61,clear sky
2026-01-21T14:36:17.221Z,Paris,13.61,clear sky
2026-01-21T16:59:13.691Z,Paris,12.91,clear sky
2026-01-21T16:59:13.693Z,Paris,12.91,clear sky
2026-01-21T18:50:10.415Z,Paris,11.31,overcast clouds
2026-01-21T18:50:10.417Z,Paris,11.31,light rain
2026-01-21T20:36:52.027Z,Paris,10.27,clear sky
2026-01-21T20:36:52.029Z,Paris,10.27,clear sky
2026-01-21T22:30:04.572Z,Paris,9.45,clear sky
2026-01-21T22:30:04.574Z,Paris,9.45,clear sky
2026-01-22T02:08:32.514Z,Paris,8.13,broken clouds
2026-01-22T02:08:32.516Z,Paris,8.13,broken clouds
2026-01-22T04:52:15.433Z,Paris,8.19,overcast clouds
2026-01-22T04:52:15.435Z,Paris,8.19,overcast clouds
2026-01-22T06:41:34.288Z,Paris,8.44,overcast clouds
2026-01-22T06:41:34.291Z,Paris,8.44,overcast clouds
2026-01-22T08:38:49.069Z,Paris,8.96,overcast clouds
2026-01-22T08:38:49.071Z,Paris,8.96,overcast clouds
2026-01-22T10:33:36.736Z,Paris,9.55,overcast clouds
2026-01-22T10:33:36.739Z,Paris,9.55,overcast clouds
2026-01-22T13:00:19.325Z,Paris,10.39,overcast clouds
2026-01-22T13:00:19.329Z,Paris,10.39,overcast clouds
2026-01-22T14:35:18.877Z,Paris,11,broken clouds
2026-01-22T14:35:18.879Z,Paris,11,broken clouds
2026-01-22T16:40:49.666Z,Paris,9.95,broken clouds
2026-01-22T16:40:49.668Z,Paris,9.95,broken clouds
2026-01-22T18:39:59.084Z,Paris,8.53,broken clouds
2026-01-22T18:39:59.086Z,Paris,8.53,broken clouds
2026-01-22T20:33:49.933Z,Paris,7.66,clear sky
2026-01-22T20:33:49.935Z,Paris,7.66,clear sky
2026-01-22T22:28:13.010Z,Paris,6.61,clear sky
2026-01-22T22:28:13.012Z,Paris,6.61,clear sky
2026-01-23T02:04:32.328Z,Paris,5.67,overcast clouds
2026-01-23T02:04:32.330Z,Paris,5.67,overcast clouds
2026-01-23T04:48:16.989Z,Paris,5.62,broken clouds
2026-01-23T04:48:16.991Z,Paris,5.62,broken clouds
2026-01-23T06:41:17.980Z,Paris,6.19,overcast clouds
2026-01-23T06:41:17.981Z,Paris,6.19,overcast clouds
2026-01-23T08:36:19.892Z,Paris,6.48,overcast clouds
2026-01-23T08:36:19.894Z,Paris,6.48,overcast clouds
2026-01-23T10:30:26.998Z,Paris,7.28,overcast clouds
2026-01-23T10:30:27.000Z,Paris,7.28,overcast clouds
2026-01-23T12:57:22.914Z,Paris,8.77,overcast clouds
2026-01-23T12:57:22.924Z,Paris,8.77,overcast clouds
2026-01-23T14:30:12.860Z,Paris,9.08,overcast clouds
2026-01-23T14:30:12.862Z,Paris,9.08,overcast clouds
2026-01-23T16:36:43.453Z,Paris,8.84,broken clouds
2026-01-23T16:36:43.456Z,Paris,8.84,broken clouds
2026-01-23T18:40:25.358Z,Paris,6.55,clear sky
2026-01-23T18:40:25.360Z,Paris,6.55,clear sky
2026-01-23T20:31:30.341Z,Paris,5.8,scattered clouds
2026-01-23T22:22:48.139Z,Paris,4.97,clear sky
2026-01-23T22:22:48.141Z,Paris,4.97,clear sky
2026-01-24T02:00:45.625Z,Paris,3.91,clear sky
2026-01-24T02:00:45.633Z,Paris,3.91,clear sky
2026-01-24T04:38:40.871Z,Paris,3.32,clear sky
2026-01-24T04:38:40.873Z,Paris,3.32,clear sky
2026-01-24T06:37:58.397Z,Paris,3.23,clear sky
2026-01-24T06:37:58.399Z,Paris,3.23,clear sky
2026-01-24T08:32:27.764Z,Paris,3.11,clear sky
2026-01-24T08:32:27.766Z,Paris,3.14,clear sky
2026-01-24T10:26:25.749Z,Paris,6.36,broken clouds
2026-01-24T10:26:25.751Z,Paris,6.36,broken clouds
2026-01-24T12:50:30.849Z,Paris,8.52,clear sky
2026-01-24T12:50:30.851Z,Paris,8.52,clear sky
2026-01-24T14:24:08.805Z,Paris,9.67,clear sky
2026-01-24T14:24:08.807Z,Paris,9.67,clear sky
2026-01-24T16:30:37.068Z,Paris,8.88,clear sky
2026-01-24T16:30:37.070Z,Paris,8.88,clear sky
2026-01-24T18:35:54.265Z,Paris,6.58,clear sky
2026-01-24T18:35:54.267Z,Paris,6.58,clear sky
2026-01-24T20:27:09.042Z,Paris,5.06,clear sky
2026-01-24T20:27:09.044Z,Paris,5.06,clear sky
2026-01-24T22:24:18.764Z,Paris,4.31,broken clouds
2026-01-24T22:24:18.766Z,Paris,4.31,broken clouds
2026-01-25T02:21:30.918Z,Paris,3.91,broken clouds
2026-01-25T02:21:30.920Z,Paris,3.94,broken clouds
2026-01-25T04:54:31.662Z,Paris,4.34,overcast clouds
2026-01-25T04:54:31.665Z,Paris,4.34,overcast clouds
2026-01-25T06:38:40.498Z,Paris,5.23,overcast clouds
2026-01-25T06:38:40.500Z,Paris,5.23,overcast clouds
2026-01-25T08:33:11.973Z,Paris,5.61,overcast clouds
2026-01-25T08:33:11.975Z,Paris,5.61,overcast clouds
2026-01-25T10:27:01.175Z,Paris,6.27,overcast clouds
2026-01-25T10:27:01.177Z,Paris,6.59,overcast clouds
2026-01-25T12:52:27.607Z,Paris,7.93,overcast clouds
2026-01-25T12:52:27.609Z,Paris,7.93,overcast clouds
2026-01-25T14:23:44.362Z,Paris,6.96,overcast clouds
2026-01-25T14:23:44.364Z,Paris,6.96,overcast clouds
2026-01-25T16:31:30.229Z,Paris,6.72,mist
2026-01-25T16:31:30.232Z,Paris,6.72,mist
2026-01-25T18:35:51.105Z,Paris,6.63,overcast clouds
2026-01-25T18:35:51.107Z,Paris,6.63,overcast clouds
2026-01-25T20:29:31.939Z,Paris,6.19,mist
2026-01-25T20:29:31.941Z,Paris,6.19,mist
2026-01-25T22:25:20.775Z,Paris,5.88,mist
2026-01-25T22:25:20.777Z,Paris,5.88,mist
2026-01-26T02:20:57.638Z,Paris,5.7,overcast clouds
2026-01-26T02:20:57.640Z,Paris,5.7,overcast clouds
2026-01-26T04:57:42.515Z,Paris,5.63,mist
2026-01-26T04:57:42.516Z,Paris,5.63,mist
2026-01-26T06:45:01.257Z,Paris,5.42,overcast clouds
2026-01-26T06:45:01.259Z,Paris,5.29,overcast clouds
2026-01-26T08:39:18.013Z,Paris,5.06,mist
2026-01-26T08:39:18.015Z,Paris,5.06,mist
2026-01-26T10:32:38.087Z,Paris,5.07,fog
2026-01-26T10:32:38.090Z,Paris,5.07,fog
2026-01-26T12:58:40.547Z,Paris,7.25,overcast clouds
2026-01-26T12:58:40.550Z,Paris,7.25,overcast clouds
2026-01-26T14:33:48.535Z,Paris,8.27,broken clouds
2026-01-26T14:33:48.538Z,Paris,8.27,broken clouds
2026-01-26T16:40:00.296Z,Paris,7.87,overcast clouds
2026-01-26T16:40:00.298Z,Paris,7.87,overcast clouds
2026-01-26T18:42:17.929Z,Paris,6.7,overcast clouds
2026-01-26T18:42:17.931Z,Paris,6.7,overcast clouds
2026-01-26T20:32:37.255Z,Paris,5.62,overcast clouds
2026-01-26T20:32:37.257Z,Paris,5.62,overcast clouds
2026-01-26T22:27:40.601Z,Paris,5.03,overcast clouds
2026-01-26T22:27:40.603Z,Paris,5.03,overcast clouds
2026-01-27T02:11:36.948Z,Paris,5.74,overcast clouds
2026-01-27T02:11:36.950Z,Paris,5.74,overcast clouds
2026-01-27T04:51:18.442Z,Paris,5.43,drizzle
2026-01-27T04:51:18.444Z,Paris,5.43,drizzle
2026-01-27T06:42:18.184Z,Paris,5.14,moderate rain
2026-01-27T06:42:18.186Z,Paris,5.14,moderate rain
2026-01-27T08:38:44.444Z,Paris,5.21,overcast clouds
2026-01-27T08:38:44.446Z,Paris,5.21,overcast clouds
2026-01-27T10:33:57.911Z,Paris,6.48,light rain
2026-01-27T10:33:57.913Z,Paris,6.48,light rain
2026-01-27T13:00:38.799Z,Paris,8.82,overcast clouds
2026-01-27T13:00:38.801Z,Paris,8.82,overcast clouds
2026-01-27T14:35:37.091Z,Paris,9.43,overcast clouds
2026-01-27T14:35:37.093Z,Paris,9.43,overcast clouds
2026-01-27T16:35:54.577Z,Paris,9.35,overcast clouds
2026-01-27T16:35:54.579Z,Paris,9.35,overcast clouds
2026-01-27T18:46:23.024Z,Paris,8.16,broken clouds
2026-01-27T18:46:23.026Z,Paris,8.16,broken clouds
2026-01-27T20:28:49.696Z,Paris,7.43,clear sky
2026-01-27T20:28:49.698Z,Paris,7.43,clear sky
2026-01-27T22:27:08.431Z,Paris,6.31,clear sky
2026-01-27T22:27:08.433Z,Paris,6.31,clear sky
2026-01-28T02:07:16.295Z,Paris,5.15,mist
2026-01-28T02:07:16.298Z,Paris,5.15,mist
2026-01-28T04:48:47.168Z,Paris,3.9,fog
2026-01-28T04:48:47.170Z,Paris,3.9,fog
2026-01-28T06:42:42.570Z,Paris,3.33,fog
2026-01-28T06:42:42.572Z,Paris,3.33,fog
2026-01-28T08:38:59.082Z,Paris,3.39,mist
2026-01-28T08:38:59.085Z,Paris,3.39,mist
2026-01-28T10:34:33.451Z,Paris,5.14,mist
2026-01-28T10:34:33.454Z,Paris,5.14,mist
2026-01-28T13:00:54.775Z,Paris,7.38,clear sky
2026-01-28T13:00:54.777Z,Paris,7.38,clear sky
2026-01-28T14:35:59.128Z,Paris,8.17,clear sky
2026-01-28T14:35:59.130Z,Paris,8.17,clear sky
2026-01-28T16:43:47.541Z,Paris,7.05,clear sky
2026-01-28T16:43:47.545Z,Paris,7.05,clear sky
2026-01-28T18:43:14.916Z,Paris,6.12,clear sky
2026-01-28T18:43:14.918Z,Paris,6.12,clear sky
2026-01-28T20:37:06.056Z,Paris,4.33,mist
2026-01-28T20:37:06.058Z,Paris,4.33,mist
2026-01-28T22:32:33.687Z,Paris,2.93,fog
2026-01-28T22:32:33.689Z,Paris,2.93,fog
2026-01-29T02:29:04.901Z,Paris,1.46,fog
2026-01-29T02:29:04.902Z,Paris,1.46,fog
2026-01-29T05:08:10.388Z,Paris,0.36,fog
2026-01-29T05:08:10.391Z,Paris,0.36,fog
2026-01-29T06:55:32.052Z,Paris,0.45,fog
2026-01-29T06:55:32.054Z,Paris,0.45,fog
2026-01-29T08:48:26.935Z,Paris,1.18,fog
2026-01-29T08:48:26.938Z,Paris,1.18,fog
2026-01-29T10:41:46.788Z,Paris,2.85,fog
2026-01-29T10:41:46.791Z,Paris,2.85,fog
2026-01-29T13:07:41.566Z,Paris,2.79,fog
2026-01-29T13:07:41.568Z,Paris,2.79,fog
2026-01-29T14:41:22.407Z,Paris,4.08,fog
2026-01-29T14:41:22.410Z,Paris,4.08,fog
2026-01-29T16:50:23.581Z,Paris,4.76,mist
2026-01-29T16:50:23.583Z,Paris,4.76,mist
2026-01-29T18:55:08.678Z,Paris,4.28,overcast clouds
2026-01-29T18:55:08.680Z,Paris,4.28,overcast clouds
2026-01-29T20:36:22.952Z,Paris,4.39,overcast clouds
2026-01-29T20:36:22.954Z,Paris,4.39,overcast clouds
2026-01-29T22:32:54.208Z,Paris,4.84,broken clouds
2026-01-29T22:32:54.209Z,Paris,4.84,broken clouds
2026-01-30T02:29:02.805Z,Paris,3.93,broken clouds
2026-01-30T02:29:02.807Z,Paris,3.93,broken clouds
2026-01-30T05:10:55.638Z,Paris,4.55,mist
2026-01-30T05:10:55.640Z,Paris,4.55,mist
2026-01-30T06:57:11.172Z,Paris,5.25,mist
2026-01-30T06:57:11.175Z,Paris,5.25,mist
2026-01-30T08:46:57.705Z,Paris,5.91,broken clouds
2026-01-30T08:46:57.707Z,Paris,5.91,broken clouds
2026-01-30T10:40:01.770Z,Paris,8.63,overcast clouds
2026-01-30T10:40:01.772Z,Paris,8.63,overcast clouds
2026-01-30T13:05:27.349Z,Paris,10.36,overcast clouds
2026-01-30T13:05:27.351Z,Paris,10.36,overcast clouds
2026-01-30T14:39:00.669Z,Paris,11.01,broken clouds
2026-01-30T14:39:00.672Z,Paris,11.01,broken clouds
2026-01-30T16:46:20.716Z,Paris,10.58,overcast clouds
2026-01-30T16:46:20.718Z,Paris,10.58,overcast clouds
2026-01-30T18:51:19.895Z,Paris,9.01,broken clouds
2026-01-30T18:51:19.897Z,Paris,9.01,broken clouds
2026-01-30T20:36:08.395Z,Paris,8.97,light intensity drizzle
2026-01-30T20:36:08.397Z,Paris,8.97,overcast clouds
2026-01-30T22:31:24.708Z,Paris,8.72,overcast clouds
2026-01-30T22:31:24.730Z,Paris,8.72,overcast clouds
2026-01-31T02:24:29.000Z,Paris,7.06,overcast clouds
2026-01-31T02:24:29.002Z,Paris,7.06,overcast clouds
2026-01-31T05:03:33.733Z,Paris,6.34,overcast clouds
2026-01-31T05:03:33.735Z,Paris,6.34,overcast clouds
2026-01-31T06:47:21.804Z,Paris,5.93,overcast clouds
2026-01-31T06:47:21.806Z,Paris,5.93,overcast clouds
2026-01-31T08:36:34.613Z,Paris,5.65,fog
2026-01-31T08:36:34.615Z,Paris,5.65,fog
2026-01-31T10:30:19.046Z,Paris,6.31,fog
2026-01-31T10:30:19.048Z,Paris,6.31,fog
2026-01-31T12:57:51.141Z,Paris,7.38,mist
2026-01-31T12:57:51.143Z,Paris,7.38,mist
2026-01-31T14:28:26.109Z,Paris,7.33,overcast clouds
2026-01-31T14:28:26.111Z,Paris,7.33,overcast clouds
2026-01-31T16:35:05.558Z,Paris,7.39,overcast clouds
2026-01-31T16:35:05.562Z,Paris,7.39,overcast clouds
2026-01-31T18:39:33.472Z,Paris,6.91,broken clouds
2026-01-31T18:39:33.485Z,Paris,6.91,broken clouds
2026-01-31T20:30:57.536Z,Paris,6.76,broken clouds
2026-01-31T20:30:57.538Z,Paris,6.76,broken clouds
2026-01-31T22:27:38.909Z,Paris,6.86,broken clouds
2026-01-31T22:27:38.911Z,Paris,6.86,broken clouds
2026-02-01T02:49:31.762Z,Paris,6.17,mist
2026-02-01T02:49:31.764Z,Paris,6.17,mist
2026-02-01T05:23:04.549Z,Paris,5.92,mist
2026-02-01T05:23:04.550Z,Paris,5.92,mist
2026-02-01T06:56:10.027Z,Paris,6.2,fog
2026-02-01T06:56:10.029Z,Paris,6.2,fog
2026-02-01T08:38:06.773Z,Paris,6.72,fog
2026-02-01T08:38:06.776Z,Paris,6.72,fog
2026-02-01T10:31:10.033Z,Paris,7.47,overcast clouds
2026-02-01T10:31:10.035Z,Paris,7.47,overcast clouds
2026-02-01T12:59:53.677Z,Paris,8.98,broken clouds
2026-02-01T12:59:53.680Z,Paris,8.98,broken clouds
2026-02-01T14:30:47.786Z,Paris,9.01,mist
2026-02-01T14:30:47.788Z,Paris,9.01,mist
2026-02-01T16:35:39.221Z,Paris,8.79,overcast clouds
2026-02-01T16:35:39.223Z,Paris,8.79,overcast clouds
2026-02-01T18:41:34.299Z,Paris,8.08,clear sky
2026-02-01T18:41:34.301Z,Paris,8.08,clear sky
2026-02-01T20:33:00.302Z,Paris,7.87,clear sky
2026-02-01T20:33:00.304Z,Paris,7.87,clear sky
2026-02-01T22:29:59.091Z,Paris,8,overcast clouds
2026-02-01T22:29:59.092Z,Paris,8,overcast clouds
2026-02-02T02:38:49.032Z,Paris,5.37,clear sky
2026-02-02T02:38:49.066Z,Paris,5.37,clear sky
2026-02-02T05:25:30.975Z,Paris,2.51,mist
2026-02-02T05:25:30.977Z,Paris,2.51,mist
2026-02-02T07:07:52.270Z,Paris,2.54,fog
2026-02-02T07:07:52.273Z,Paris,2.54,fog
2026-02-02T08:51:53.974Z,Paris,3.65,fog
2026-02-02T08:51:53.977Z,Paris,3.65,fog
2026-02-02T10:51:25.037Z,Paris,6.97,broken clouds
2026-02-02T10:51:25.039Z,Paris,6.97,broken clouds
2026-02-02T13:10:20.190Z,Paris,8.36,broken clouds
2026-02-02T13:10:20.192Z,Paris,8.36,broken clouds
2026-02-02T14:46:00.994Z,Paris,9.11,overcast clouds
2026-02-02T14:46:00.996Z,Paris,9.11,overcast clouds
2026-02-02T16:48:54.117Z,Paris,9.09,broken clouds
2026-02-02T16:48:54.119Z,Paris,9.09,broken clouds
2026-02-03T02:35:23.112Z,Paris,7.76,overcast clouds
2026-02-03T02:35:23.341Z,Paris,7.76,overcast clouds
2026-02-03T05:16:22.876Z,Paris,7.98,overcast clouds
2026-02-03T05:16:22.878Z,Paris,7.98,overcast clouds
2026-02-03T06:58:39.826Z,Paris,8.39,overcast clouds
2026-02-03T06:58:39.828Z,Paris,8.39,overcast clouds
2026-02-03T08:44:21.212Z,Paris,8.24,mist
2026-02-03T08:44:21.214Z,Paris,8.24,mist
2026-02-03T10:47:37.535Z,Paris,9.47,overcast clouds
2026-02-03T10:47:37.537Z,Paris,9.47,overcast clouds
2026-02-03T13:11:35.161Z,Paris,9.86,overcast clouds
2026-02-03T13:11:35.175Z,Paris,9.86,overcast clouds
2026-02-03T14:50:05.215Z,Paris,9.77,broken clouds
2026-02-03T14:50:05.217Z,Paris,9.77,broken clouds
2026-02-03T16:59:18.044Z,Paris,9.82,broken clouds
2026-02-03T16:59:18.046Z,Paris,9.82,broken clouds
2026-02-03T19:01:47.179Z,Paris,8.76,clear sky
2026-02-03T19:01:47.181Z,Paris,8.76,clear sky
2026-02-03T20:42:45.040Z,Paris,7.9,overcast clouds
2026-02-03T20:42:45.042Z,Paris,7.9,overcast clouds
2026-02-03T22:34:49.730Z,Paris,6.6,clear sky
2026-02-03T22:34:49.732Z,Paris,6.6,clear sky
2026-02-04T02:29:47.171Z,Paris,4.41,clear sky
2026-02-04T02:29:47.193Z,Paris,4.41,clear sky
2026-02-04T05:11:24.218Z,Paris,3.98,clear sky
2026-02-04T05:11:24.222Z,Paris,3.98,clear sky
2026-02-04T06:59:07.546Z,Paris,3.68,clear sky
2026-02-04T06:59:07.548Z,Paris,3.68,clear sky
2026-02-04T08:50:29.214Z,Paris,4.66,clear sky
2026-02-04T08:50:29.216Z,Paris,4.66,clear sky
2026-02-04T10:43:57.718Z,Paris,8.34,clear sky
2026-02-04T10:43:57.720Z,Paris,8.34,clear sky
2026-02-04T13:10:35.493Z,Paris,11.68,scattered clouds
2026-02-04T13:10:35.496Z,Paris,11.68,scattered clouds
2026-02-04T14:45:03.082Z,Paris,11.83,broken clouds
2026-02-04T14:45:03.085Z,Paris,11.83,broken clouds
2026-02-04T16:56:07.377Z,Paris,10.75,broken clouds
2026-02-04T16:56:07.379Z,Paris,10.75,broken clouds
2026-02-04T18:57:18.457Z,Paris,9.63,clear sky
2026-02-04T18:57:18.459Z,Paris,9.63,clear sky
2026-02-04T20:39:59.212Z,Paris,9.47,clear sky
2026-02-04T20:39:59.214Z,Paris,9.47,clear sky
2026-02-04T22:33:52.662Z,Paris,8.82,broken clouds
2026-02-04T22:33:52.664Z,Paris,8.82,broken clouds
2026-02-05T02:31:50.047Z,Paris,7.97,overcast clouds
2026-02-05T02:31:50.053Z,Paris,7.97,overcast clouds
2026-02-05T05:18:12.208Z,Paris,7.77,overcast clouds
2026-02-05T05:18:12.210Z,Paris,7.77,overcast clouds
2026-02-05T07:04:54.881Z,Paris,8.09,overcast clouds
2026-02-05T07:04:54.883Z,Paris,8.09,overcast clouds
2026-02-05T08:51:29.043Z,Paris,8.75,overcast clouds
2026-02-05T08:51:29.045Z,Paris,8.75,overcast clouds
2026-02-05T10:47:58.972Z,Paris,9.58,light intensity drizzle
2026-02-05T10:47:58.974Z,Paris,9.58,light intensity drizzle
2026-02-05T13:12:39.881Z,Paris,11.39,overcast clouds
2026-02-05T13:12:39.883Z,Paris,11.39,overcast clouds
2026-02-05T14:49:24.232Z,Paris,11.94,broken clouds
2026-02-05T14:49:24.234Z,Paris,11.94,broken clouds
2026-02-05T16:56:08.341Z,Paris,10.45,broken clouds
2026-02-05T16:56:08.343Z,Paris,10.45,broken clouds
2026-02-05T18:56:12.145Z,Paris,10.16,overcast clouds
2026-02-05T18:56:12.147Z,Paris,10.16,overcast clouds
2026-02-05T20:39:24.789Z,Paris,9.75,overcast clouds
2026-02-05T20:39:24.791Z,Paris,9.75,overcast clouds
2026-02-05T22:32:58.246Z,Paris,9.69,light intensity drizzle
2026-02-05T22:32:58.249Z,Paris,9.69,light intensity drizzle
2026-02-06T02:32:08.870Z,Paris,9.06,overcast clouds
2026-02-06T02:32:08.872Z,Paris,9.06,overcast clouds
2026-02-06T05:16:57.537Z,Paris,9.7,light intensity drizzle
2026-02-06T05:16:57.539Z,Paris,9.7,light intensity drizzle
2026-02-06T07:00:56.495Z,Paris,9.79,broken clouds
2026-02-06T07:00:56.497Z,Paris,9.79,broken clouds
2026-02-06T08:51:32.714Z,Paris,10.17,overcast clouds
2026-02-06T08:51:32.716Z,Paris,10.17,overcast clouds
2026-02-06T10:45:50.750Z,Paris,11.12,overcast clouds
2026-02-06T10:45:50.752Z,Paris,11.12,overcast clouds
2026-02-06T13:10:34.346Z,Paris,12.8,overcast clouds
2026-02-06T13:10:34.348Z,Paris,12.8,overcast clouds
2026-02-06T14:42:44.058Z,Paris,12.53,broken clouds
2026-02-06T14:42:44.060Z,Paris,12.53,broken clouds
2026-02-06T16:53:31.690Z,Paris,11.47,overcast clouds
2026-02-06T16:53:31.692Z,Paris,11.47,overcast clouds
2026-02-06T18:57:32.419Z,Paris,9.65,clear sky
2026-02-06T18:57:32.421Z,Paris,9.65,clear sky
2026-02-06T20:39:18.037Z,Paris,9,clear sky
2026-02-06T20:39:18.039Z,Paris,9,clear sky
2026-02-06T22:30:00.306Z,Paris,8.36,clear sky
2026-02-06T22:30:00.315Z,Paris,8.36,clear sky
2026-02-07T02:27:40.739Z,Paris,6.71,broken clouds
2026-02-07T02:27:40.747Z,Paris,6.71,broken clouds
2026-02-07T05:07:36.046Z,Paris,6.62,broken clouds
2026-02-07T05:07:36.048Z,Paris,6.62,broken clouds
2026-02-07T06:50:35.427Z,Paris,7.01,broken clouds
2026-02-07T06:50:35.429Z,Paris,7.01,broken clouds
2026-02-07T08:37:47.717Z,Paris,7.9,broken clouds
2026-02-07T08:37:47.719Z,Paris,7.9,broken clouds
2026-02-07T10:32:10.210Z,Paris,10.27,broken clouds
2026-02-07T10:32:10.212Z,Paris,10.27,broken clouds
2026-02-07T12:59:05.077Z,Paris,12.24,broken clouds
2026-02-07T12:59:05.078Z,Paris,12.24,broken clouds
2026-02-07T14:31:32.781Z,Paris,12.66,broken clouds
2026-02-07T14:31:32.783Z,Paris,12.66,broken clouds
